,Time,V1,V2,V3,Amount,Class
0,0,-1.359807134,-0.072781173,2.536346738,149.62,0
1,0,1.191857111,0.266150712,0.166480113,2.69,0
2,1,-1.358354062,-1.340163075,1.773209343,378.66,0
3,472,-3.043540624,-3.157307121,1.08846278,529,1
4,4462,-2.303349568,1.75924746,-0.359744743,239.93,1
5,9064,-3.499107537,0.258555161,-4.489558073,1809.68,1
